1000,Sherry Smith,a00001
1010,Ariana Lake,a00002
1020,Denis Clayton,a00003
1030,Justin Cook,a00004
1040,Rose Love,a00005
1050,Linda Hunter,a00006
1060,Linda Baker,a00007
1070,Sheryl Lake,a00008
1080,Sheryl Brain,a00009
1090,Cole Brain,a00010
1100,Ruth Clarkson,a00011
1110,Sheryl Brown,a00012
1120,Mark Clayton,a00013
1130,Howard Brain,a00014
1140,Howard Love,a00015
1150,Sean Hunter,a00016
1160,Sherry Brain,a00017
1170,Cole Lake,a00018
1180,Ruth Baker,a00019
1190,Tom Carter,a00020
1200,Taylor Michael,a00021
1210,Sheryl Clayton,a00022
1220,Cole Clayton,a00023
1230,Taylor Duke,a00024
1240,Kevin White,a00025
1250,Sean Muller,a00026
1260,Tom Brown,a00027
1270,Rose Love,a00028
1280,Kevin Brook,a00029
1290,Michelle Hunter,a00030
1300,Kevin Carter,a00031
1310,Kevin Baker,a00032
1320,Lily Love,a00033
1330,Taylor Michael,a00034
1340,Linda Lake,a00035
1350,Howard Baker,a00036
1360,Taylor Kent,a00037
1370,Sean Carter,a00038
1380,Rose Baker,a00039
1390,Sean Smith,a00040
1400,Ariana Smith,a00041
1410,Denis Miller,a00042
1420,Michelle Cook,a00043
1430,Ariana Hunter,a00044
1440,Michelle White,a00045
1450,Michelle Michael,a00046
1460,Ruth Lake,a00047
1470,Sherry Carter,a00048
1480,Michelle Clarkson,a00049
1490,Ruth Carter,a00050
1500,Tom Smith,a00051
1510,Tom Brook,a00052
1520,Denis Baker,a00053
1530,Kelly Clarkson,a00054
1540,Ariana Carter,a00055
1550,Lily Smith,a00056
1560,Ariana Kent,a00057
1570,Taylor Hunter,a00058
1580,Linda Hunter,a00059
1590,Linda Duke,a00060
1600,Howard Hunter,a00061
1610,Ruth Muller,a00062
1620,Kevin Muller,a00063
1630,Kevin Baker,a00064
1640,Michelle White,a00065
1650,Ruth Michael,a00066
1660,Mark Brown,a00067
1670,Denis Smith,a00068
1680,Sherry Brook,a00069
1690,Linda Baker,a00070
1700,Howard White,a00071
1710,Tom Clarkson,a00072
1720,Tom Duke,a00073
1730,Linda Brook,a00074
1740,Michelle Hunter,a00075
1750,Tom White,a00076
1760,Michelle Clayton,a00077
1770,Justin Miller,a00078
1780,Denis Clayton,a00079
1790,Denis Brook,a00080
1800,Taylor Carter,a00081
1810,Ruth Duke,a00082
1820,Rose Smith,a00083
1830,Michelle Clarkson,a00084
1840,Cole Brown,a00085
1850,Rose Muller,a00086
1860,Kevin Muller,a00087
1870,Justin Smith,a00088
1880,Kelly Clarkson,a00089
1890,Ruth Brown,a00090
1900,Cole Lake,a00091
1910,Tom Muller,a00092
1920,Ruby Smith,a00093
1930,Mark Baker,a00094
1940,Ruby Love,a00095
1950,Kelly Michael,a00096
1960,Lily Smith,a00097
1970,Ariana Brown,a00098
1980,Kevin Cook,a00099
1990,Linda Cook,a00100
2000,Linda Kent,a00101
2010,Lily Michael,a00102
2020,Ruby Clayton,a00103
2030,Ruby Clayton,a00104
2040,Sherry Brain,a00105
2050,Cole Hunter,a00106
2060,Rose White,a00107
2070,Rose Clayton,a00108
2080,Ruby Duke,a00109
2090,Cole Clayton,a00110
2100,Kevin Clarkson,a00111
2110,Ruby Brook,a00112
2120,Justin Love,a00113
2130,Kelly Lake,a00114
2140,Sean Lake,a00115
2150,Denis Brown,a00116
2160,Howard Brown,a00117
2170,Mark Carter,a00118
2180,Sheryl Clayton,a00119
2190,Cole Miller,a00120
2200,Lily Cook,a00121
2210,Tom Smith,a00122
2220,Sherry Muller,a00123
2230,Kelly Smith,a00124
2240,Kelly Muller,a00125
2250,Sherry Hunter,a00126
2260,Rose Clayton,a00127
2270,Ruby Brook,a00128
2280,Kevin Brown,a00129
2290,Ariana Brook,a00130
2300,Justin Hunter,a00131
2310,Michelle Clarkson,a00132
2320,Justin Miller,a00133
2330,Ruby Hunter,a00134
2340,Sheryl Kent,a00135
2350,Ruth Brook,a00136
2360,Ruth Love,a00137
2370,Sean Carter,a00138
2380,Ruby Smith,a00139
2390,Ariana Kent,a00140
2400,Ruby Muller,a00141
2410,Rose Brain,a00142
2420,Kevin Duke,a00143
2430,Ruby Hunter,a00144
2440,Kevin Love,a00145
2450,Sherry Lake,a00146
2460,Linda Smith,a00147
2470,Kevin Clarkson,a00148
2480,Mark Clarkson,a00149
2490,Ariana Clayton,a00150
2500,Lily Miller,a00151
2510,Ruby Duke,a00152
2520,Mark Cook,a00153
2530,Denis Michael,a00154
2540,Kevin Lake,a00155
2550,Tom Brook,a00156
2560,Michelle Cook,a00157
2570,Kelly Muller,a00158
2580,Rose Miller,a00159
2590,Ariana Michael,a00160
2600,Kevin Brook,a00161
2610,Justin Duke,a00162
2620,Denis Miller,a00163
2630,Kelly Baker,a00164
2640,Ariana Kent,a00165
2650,Taylor Clarkson,a00166
2660,Mark Baker,a00167
2670,Tom Duke,a00168
2680,Kelly Miller,a00169
2690,Ariana White,a00170
2700,Denis Miller,a00171
2710,Linda Clayton,a00172
2720,Linda Kent,a00173
2730,Cole Kent,a00174
2740,Rose Brook,a00175
2750,Justin Lake,a00176
2760,Linda Duke,a00177
2770,Rose Miller,a00178
2780,Rose Brain,a00179
2790,Lily Lake,a00180
2800,Sherry Muller,a00181
2810,Ruby White,a00182
2820,Taylor Carter,a00183
2830,Sean Brain,a00184
2840,Mark Baker,a00185
2850,Linda Carter,a00186
2860,Cole Michael,a00187
2870,Cole Baker,a00188
2880,Ariana Clarkson,a00189
2890,Mark Hunter,a00190
2900,Sheryl Brown,a00191
2910,Mark Muller,a00192
2920,Sheryl Clayton,a00193
2930,Rose Michael,a00194
2940,Ruth Carter,a00195
2950,Lily Love,a00196
2960,Tom Brook,a00197
2970,Linda Baker,a00198
2980,Linda Lake,a00199
2990,Kelly Love,a00200
3000,Kelly Carter,a00201
